Hafta,emlak
2018-01-07,46
2018-01-14,43
2018-01-21,41
2018-01-28,45
2018-02-04,46
2018-02-11,41
2018-02-18,47
2018-02-25,48
2018-03-04,52
2018-03-11,49
2018-03-18,50
2018-03-25,52
2018-04-01,46
2018-04-08,49
2018-04-15,46
2018-04-22,45
2018-04-29,45
2018-05-06,50
2018-05-13,55
2018-05-20,56
2018-05-27,63
2018-06-03,48
2018-06-10,37
2018-06-17,49
2018-06-24,45
2018-07-01,48
2018-07-08,44
2018-07-15,48
2018-07-22,52
2018-07-29,50
2018-08-05,42
2018-08-12,36
2018-08-19,29
2018-08-26,59
2018-09-02,54
2018-09-09,45
2018-09-16,43
2018-09-23,40
2018-09-30,40
2018-10-07,35
2018-10-14,37
2018-10-21,37
2018-10-28,34
2018-11-04,33
2018-11-11,37
2018-11-18,36
2018-11-25,43
2018-12-02,31
2018-12-09,31
2018-12-16,33
2018-12-23,29
2018-12-30,33
2019-01-06,32
2019-01-13,32
2019-01-20,35
2019-01-27,35
2019-02-03,36
2019-02-10,36
2019-02-17,37
2019-02-24,37
2019-03-03,40
2019-03-10,38
2019-03-17,40
2019-03-24,37
2019-03-31,29
2019-04-07,35
2019-04-14,35
2019-04-21,34
2019-04-28,36
2019-05-05,35
2019-05-12,41
2019-05-19,45
2019-05-26,51
2019-06-02,27
2019-06-09,40
2019-06-16,39
2019-06-23,37
2019-06-30,42
2019-07-07,39
2019-07-14,38
2019-07-21,38
2019-07-28,42
2019-08-04,41
2019-08-11,36
2019-08-18,47
2019-08-25,45
2019-09-01,44
2019-09-08,45
2019-09-15,38
2019-09-22,40
2019-09-29,43
2019-10-06,38
2019-10-13,38
2019-10-20,39
2019-10-27,36
2019-11-03,40
2019-11-10,41
2019-11-17,42
2019-11-24,49
2019-12-01,41
2019-12-08,37
2019-12-15,39
2019-12-22,35
2019-12-29,34
2020-01-05,39
2020-01-12,40
2020-01-19,38
2020-01-26,41
2020-02-02,41
2020-02-09,43
2020-02-16,45
2020-02-23,40
2020-03-01,44
2020-03-08,42
2020-03-15,30
2020-03-22,23
2020-03-29,22
2020-04-05,21
2020-04-12,24
2020-04-19,23
2020-04-26,28
2020-05-03,37
2020-05-10,49
2020-05-17,47
2020-05-24,62
2020-05-31,100
2020-06-07,94
2020-06-14,82
2020-06-21,76
2020-06-28,67
2020-07-05,64
2020-07-12,61
2020-07-19,57
2020-07-26,41
2020-08-02,46
2020-08-09,50
2020-08-16,51
2020-08-23,47
2020-08-30,42
2020-09-06,45
2020-09-13,42
2020-09-20,42
2020-09-27,39
2020-10-04,41
2020-10-11,42
2020-10-18,41
2020-10-25,38
2020-11-01,39
2020-11-08,36
2020-11-15,40
2020-11-22,45
2020-11-29,41
2020-12-06,34
2020-12-13,35
2020-12-20,38
2020-12-27,39
